Title,Type
¡Ay. mi madre!,movie
¿Cómo matar a un esposo muerto?,movie
¿Qué le dijiste a Dios?,movie
#Alive,movie
#AnneFrank - Parallel Stories,movie
#cats_the_mewvie,movie
#FriendButMarried,movie
#FriendButMarried 2,movie
#realityhigh,movie
#Rucker50,movie
#Selfie,movie
#Selfie 69,movie
10 Days in Sun City,movie
10 jours en or,movie
100 Meters,movie
100% Halal,movie
1000 Rupee Note,movie
The 101-Year-Old Man Who Skipped Out on the Bill and Disappeared,movie
The 11th Hour,movie
12 Monkeys,movie
122,movie
13TH,movie
15 August,movie
18 Presents,movie
1898: Our Last Men in the Philippines,movie
1922,movie
2 Alone in Paris,movie
2 Fast 2 Furious,movie
2 Guns,movie
2 States,movie
2012,movie
22 July,movie
23:59,movie
The 24 Hour War,movie
26 Years,movie
A 2nd Chance,movie
A 3 Minute Hug,movie
3 Ninjas: Kick Back,movie
3 Türken & ein Baby,movie
30 Days of Luxury,movie
300,movie
300: Rise of an Empire,movie
365 Days,movie
The 36th Chamber of Shaolin,movie
37 Seconds,movie
The 3rd Eye,movie
The 3rd Eye 2,movie
40 Days and 40 Nights,movie
48 Christmas Wishes,movie
4L,movie
The 4th Company,movie
4th Republic,movie
5 Flights Up,movie
5 Star Christmas,movie
The 5th Wave,movie
6 Balloons,movie
6 Days,movie
6 Underground,movie
6 Years,movie
7 años,movie
7 Khoon Maaf,movie
7:19,movie
77 Heartbreaks,movie
93 Days,movie
99 Homes,movie
The 9th Precinct,movie
Aagey Se Right,movie
Aamir,movie
Aapla Manus,movie
ABCD 2,movie
ABCD: Any Body Can Dance,movie
Abdo Mota,movie
Abducted in Plain Sight,movie
About a Boy,movie
About Time,movie
The Accidental Spy,movie
The Accountant,movie
The Accountant of Auschwitz,movie
Across Grace Alley,movie
Action Point,movie
Action Replayy,movie
Acts of Vengeance,movie
Acts of Violence,movie
Addicted,movie
Addicted to Life,movie
Adú,movie
Advantageous,movie
The Adventures of Rocky and Bullwinkle,movie
The Adventures of Sharkboy and Lavagirl,movie
The Aerial,movie
Aerials,movie
The African Doctor,movie
After Maria,movie
The After Party,movie
After the Raid,movie
The Age of Innocence,movie
Agneepath,movie
Agyaat,movie
Air Bud,movie
Air Bud: World Pup,movie
Air Buddies,movie
Airplane Mode,movie
Aiyyaa,movie
Ajab Prem Ki Ghazab Kahani,movie
Ajji,movie
AK vs AK,movie
Akira,movie
Al acecho,movie
Al son que me toquen bailo,movie
Ala Vaikunthapurramuloo,movie
Alakada Reloaded,movie
Alarmoty in the Land of Fire,movie
Alejandro Sanz: What I Was Is What I Am,movie
Alelí,movie
Alex Strangelove,movie
Alexandria ... Why?,movie
Alexandria: Again and Forever,movie
Alexis Viera: A Story of Surviving,movie
Ali & Alia,movie
Ali Baba and the Seven Dwarfs,movie
Ali's Wedding,movie
Alias JJ. la celebridad del mal,movie
Alice Junior,movie
Alien Warfare,movie
Alien Xmas,movie
All About Love,movie
All Because of You,movie
All Day and a Night,movie
All Hallows' Eve,movie
All In My Family,movie
All Is Well,movie
All of You,movie
All Saints,movie
All The Bright Places,movie
All the Freckles in the World,movie
All the Reasons to Forget,movie
All Together Now,movie
Alone/Together,movie
Altered Carbon: Resleeved,movie
Alvin and the Chipmunks: The Road Chip,movie
Always Be My Maybe,movie
Always Be My Maybe,movie
Amalia. la secretaria,movie
Amanda Knox,movie
Amar,movie
Amar's Hands,movie
Amateur,movie
The Amazing Praybeyt Benjamin,movie
The Amazing Spider-Man,movie
The Amazing Spider-Man 2,movie
American Assassin,movie
American Beauty,movie
American Factory,movie
American Factory: A Conversation with the Obamas,movie
The American Game,movie
American Gangster,movie
The American Meme,movie
American Murder: The Family Next Door,movie
American Pie,movie
American Sniper,movie
American Son,movie
American Ultra,movie
The Amityville Murders,movie
Amityville: The Awakening,movie
Amnesiac,movie
Among Family,movie
Ana and Bruno,movie
Ana e Vitória,movie
Anaamika,movie
Anaconda,movie
Anchor Baby,movie
Anchorman 2: The Legend Continues,movie
And Breathe Normally,movie
Andaz Apna Apna,movie
Andhadhun,movie
Andhaghaaram,movie
Andhakaaram,movie
André & his olive tree,movie
Anelka: Misunderstood,movie
The Angel,movie
Angel Eyes,movie
Angela's Christmas,movie
Angela's Christmas Wish,movie
Angu Vaikuntapurathu (Malayalam),movie
Angus. Thongs and Perfect Snogging,movie
Ani... Dr. Kashinath Ghanekar,movie
ANIMA,movie
Animal Crackers,movie
Animal World,movie
Animas,movie
Anjaan,movie
Ankhon Dekhi,movie
Annabelle,movie
Annabelle Hooper and the Ghosts of Nantucket,movie
Annabelle: Creation,movie
Annihilation,movie
Anon,movie
The Ant's Scream,movie
Antar: Son of Shadad,movie
Anthony Kaun Hai?,movie
Antoine Griezmann: The Making of a Legend,movie
Apaharan,movie
Apocalypse Now Redux,movie
Apollo 13,movie
Apostle,movie
The App,movie
Aquarius,movie
The Arbitration,movie
Arctic Dogs,movie
Arctic Heart,movie
Are We Done Yet?,movie
Are We There Yet?,movie
Arès,movie
ariana grande: excuse me. i love you,movie
Arjun: The Warrior Prince,movie
Armed to the Teeth,movie
Army of One,movie
ARQ,movie
Arrietty,movie
Arrival,movie
The Arrival,movie
The Art of Loving,movie
Arthur Christmas,movie
Article 15,movie
Aruna & Her Palate,movie
As the Light Goes Out,movie
Asoka,movie
Asperger's Are Us,movie
Asphalt Burning,movie
Astro Boy,movie
Asu Mare 2,movie
Asura Guru,movie
Aterrados,movie
Athlete A,movie
Atlantics,movie
Attacking the Devil: Harold Evans and the Last Nazi War Crime,movie
Attitude Test,movie
Audrie & Daisy,movie
Aurora,movie
Aurora,movie
Autohead,movie
Ava,movie
Ave Maryam,movie
Avengement,movie
The Aviator,movie
The Awakening of Motti Wolkenbruch,movie
Axone,movie
Ayotzinapa. el paso de la tortuga,movie
Azali,movie
Azhar,movie
The B-Side: Elsa Dorfman's Portrait Photography,movie
B.A. Pass,movie
B.A. Pass 2,movie
Baaghi,movie
Baahubali 2: The Conclusion (Hindi Version),movie
Baazaar,movie
Babamın Ceketi,movie
Baby Driver,movie
Baby Geniuses,movie
Baby Mamas,movie
The Babysitter,movie
The Babysitter: Killer Queen,movie
A Babysitter's Guide to Monster Hunting,movie
Back of the Net,movie
Back to School,movie
Back to the 90s,movie
Back to the Future,movie
The Bad Batch,movie
Bad Day for the Cut,movie
Bad Seeds,movie
Badla,movie
The Ballad of Buster Scruggs,movie
Balto,movie
Banana Island Ghost,movie
Bangistan,movie
The Bar,movie
Barakah Meets Barakah,movie
Barbie Dolphin Magic,movie
Barbra: The Music ... The Mem'ries ... The Magic!,movie
Barcelona: A Love Untold,movie
The Bare-Footed Kid,movie
Bareilly Ki Barfi,movie
Barfi!,movie
Barnyard,movie
Barry,movie
Basic Instinct,movie
Batman Begins,movie
Batman Ninja,movie
Batman v Superman: Dawn of Justice,movie
The Battered Bastards of Baseball,movie
Battle,movie
The Battle of Midway,movie
Battle: Los Angeles,movie
Battleship,movie
Baxu and the Giants,movie
Bayonet,movie
Bbuddah Hoga Terra Baap,movie
The Beach Loafer,movie
Beach Rats,movie
The Beast,movie
Beasts of No Nation,movie
Beat Bugs: All Together Now,movie
Beats,movie
Beauties of the Night,movie
Beauty and the Bestie,movie
Because We're Heading Out,movie
Becoming,movie
Bee Movie,movie
Been So Long,movie
Before I Fall,movie
Before I Wake,movie
Before the Summer Crowds,movie
The Beginning of Life,movie
The Beginning of Life 2: Outside,movie
Behind the Curtain: Todrick Hall,movie
Behind the Curve,movie
Being Elmo: A Puppeteer's Journey,movie
Being Mrs Elliot,movie
Being Napoleon,movie
Beirut,movie
Beirut Oh Beirut,movie
Belgica,movie
Belief: The Possession of Janet Moses,movie
Belmonte,movie
Ben Platt Live from Radio City Music Hall,movie
Benavidez's Case,movie
Bending the Arc,movie
Benji,movie
Berlin Calling,movie
Berlin. Berlin: Lolle on the Run,movie
Best Neighbors,movie
Best Worst Thing That Ever Could Have Happened,movie
Bethany Hamilton: Unstoppable,movie
Between Maybes,movie
Between Two Ferns: The Movie,movie
Beverly Hills Cop,movie
Beverly Hills Cop II,movie
Bewildered Bolbol,movie
Beynelmilel,movie
Beyond Skyline,movie
Beyond the Boundary: ICC Women's T20 World Cup Australia 2020,movie
Bhai: Vyakti Ki Valli - Poorvardha,movie
Bhai: Vyakti Ki Valli - Uttarardh,movie
Bhaji In Problem,movie
Bhangra Paa Le,movie
Bhavesh Joshi Superhero,movie
Bheeshma,movie
Bibi & Tina,movie
Bibi & Tina II,movie
Bibi & Tina: Girls Versus Boys,movie
Bibi & Tina: Tohuwabohu Total,movie
Big Fish,movie
Big Fish & Begonia,movie
The Big Hit,movie
Bigflo & Oli: Hip Hop Frenzy,movie
The Biggest Little Farm,movie
Bikram: Yogi. Guru. Predator,movie
Bill Nye: Science Guy,movie
Billu,movie
The Binding,movie
Bir Baba Hindu,movie
Bird Box,movie
Birders,movie
Birdshot,movie
The Birth Reborn,movie
The Birth Reborn 2,movie
The Birth Reborn 3,movie
Birthmarked,movie
Bitch,movie
The Bittersweet,movie
Bittersweet,movie
A Bittersweet Life,movie
Bittoo Boss,movie
Black,movie
Black Friday,movie
The Black Godfather,movie
Black Hawk Down,movie
Black Man White Skin,movie
Black Mass,movie
Black Mirror: Bandersnatch,movie
Black Snow,movie
BLACKPINK: Light Up the Sky,movie
Blade Runner 2049,movie
Blades of Glory,movie
BLAME!,movie
The Blazing Sun,movie
Bleach,movie
The Bleeding Edge,movie
Bleeding Heart,movie
Bleeding Steel,movie
Blessed Benefit,movie
The Blind Christ,movie
Blind Date,movie
The Bling Lagosians,movie
Blitz Patrollie,movie
Blockers,movie
Blood Money,movie
Blood Will Tell,movie
The Blue Elephant 2,movie
Blue Jay,movie
The Blue Umbrella,movie
BluffMaster!,movie
Blumhouse's Truth or Dare: Extended Director's Cut,movie
Bob Lazar: Area 51 & Flying Saucers,movie
Bob's Broken Sleigh,movie
Bobby Jasoos,movie
The Body,movie
The Bodyguard,movie
Bodyguard,movie
Boi,movie
Bomb Scared,movie
Bombairiya,movie
Bombay Talkies,movie
Bon Bini Holland,movie
Bon Cop Bad Cop 2,movie
Bon Cop. Bad Cop,movie
Boo 2! A Madea Halloween,movie
The Book of Eli,movie
Book of Love,movie
The Book of Sun,movie
The Bookshop,movie
The Boondock Saints II: All Saints Day,movie
Born Beautiful,movie
Born in Gaza,movie
Born in Syria,movie
Born to Be Free,movie
Boss,movie
The Boss Baby: Get That Baby!,movie
The Boss's Daughter,movie
Bosta,movie
Bottom of the World,movie
The Bounce Back,movie
The Bourne Identity,movie
The Bourne Legacy,movie
The Bourne Supremacy,movie
The Bourne Ultimatum,movie
Boushkash,movie
Boy Missing,movie
The Boy Who Harnessed the Wind,movie
The Boys in the Band,movie
The Boys in the Band: Something Personal,movie
Boyz n the Hood,movie
Brahman Naman,movie
Brave Blue World: Racing to Solve Our Water Crisis,movie
The Breadwinner,movie
Break,movie
Break Ke Baad,movie
Break Up 100,movie
The Breaker Upperers,movie
The Breakup Playlist,movie
Breathe In,movie
The Bride,movie
Bride For Rent,movie
Bridesmaids,movie
Bridezilla,movie
The Bridge,movie
The Bridge Curse,movie
Bridget Jones: The Edge of Reason,movie
Bridget Jones's Diary,movie
Bright,movie
Brij Mohan Amar Rahe,movie
Broken City,movie
The Bros,movie
Brother,movie
Brothers,movie
Bucket List,movie
Budapest,movie
Buddies,movie
Buddy Thunderstruck: The Maybe Pile,movie
Budhia Singh: Born to Run,movie
Bulbbul,movie
The Bulbul's Nest,movie
Bullet Head,movie
The Bullet Vanishes,movie
The Bund,movie
Burn Out,movie
Burning,movie
Burning Sands,movie
Buster's Mal Heart,movie
The Butterfly's Dream,movie
BuyBust,movie
Bwakaw,movie
Bye Bye London,movie
The Bye Bye Man,movie
The C Word,movie
The Cable Guy,movie
Cadaver,movie
Cairo Station,movie
Calibre,movie
A California Christmas,movie
The Call,movie
Calum von Moger: Unbroken,movie
Cam,movie
Camarón: The Film,movie
Camino a Marte,movie
Can't Help Falling in Love,movie
Can’t Complain,movie
Candy Jar,movie
Canvas,movie
Captain Underpants Epic Choice-o-Rama,movie
Captain Underpants Mega Blissmas,movie
Carandiru,movie
Carbon,movie
Cargo,movie
Cargo,movie
Carlos Almaraz: Playing with Fire,movie
Carmen Sandiego: To Steal or Not to Steal,movie
The Carter Effect,movie
Casa de mi Padre,movie
Casablancas: The Man Who Loved Women,movie
Case 39,movie
A Case of You,movie
Cásese quien pueda,movie
Casino Tycoon,movie
Casino Tycoon 2,movie
Casper,movie
Casting JonBenet,movie
Castle in the Sky,movie
Castle of Stories,movie
The Cat Returns,movie
Catch and Release,movie
Catching Feelings,movie
Catfight,movie
Catwalk: Tales from the Cat Show Circuit,movie
The Cave,movie
Celebrity Marriage,movie
The Cell,movie
Cemara's Family,movie
The CEO,movie
Chaahat,movie
Chaman Bahaar,movie
Chamatkar,movie
Chance Pe Dance,movie
The Change-Up,movie
Changeling,movie
Chappie,movie
Charlie St. Cloud,movie
Charlotte's Web,movie
The Chase,movie
Chashme Baddoor,movie
Chasing Coral,movie
A Chaster Marriage,movie
Chatô: The King of Brazil,movie
Chavela,movie
Chhota Bheem and the Curse of Damyaan,movie
Chicken Run,movie
Chico Bon Bon and the Very Berry Holiday,movie
Chicuarotes,movie
Chief Daddy,movie
Children Who Chase Lost Voices,movie
Chillar Party,movie
The China Hustle,movie
Chinese Odyssey (Part I). A,movie
A Chinese Odyssey Part Two: Cinderella,movie
Chippa,movie
CHIPS,movie
Chocolate City: Vegas Strip,movie
The Choice,movie
Choked: Paisa Bolta Hai,movie
A Choo,movie
Chopsticks,movie
The Chord,movie
The Chosen Ones,movie
Christ. the Lord,movie
The Christmas Chronicles,movie
The Christmas Chronicles: Part Two,movie
Christmas Crossfire,movie
Christmas Inheritance,movie
Christmas Made To Order,movie
A Christmas Prince,movie
A Christmas Prince: The Royal Baby,movie
A Christmas Prince: The Royal Wedding,movie
Christmas Under Wraps,movie
Christmas Wedding Planner,movie
Christmas With A View,movie
Christmas Wonderland,movie
Chup Chup Ke,movie
Cinar Agaci,movie
A Cinderella Story: Christmas Wish,movie
Circle,movie
Circus of Books,movie
Citation,movie
Cities of Last Things,movie
City of God: 10 Years Later,movie
City of Joy,movie
City of Tiny Lights,movie
Clair Obscur,movie
Clandestine Childhood,movie
Class of '83,movie
The Claudia Kishi Club,movie
Climax,movie
The Climb,movie
Clinical,movie
Clive Davis: The Soundtrack of Our Lives,movie
Close,movie
Close Enemies,movie
Cloudy with a Chance of Meatballs,movie
Cloudy with a Chance of Meatballs 2,movie
The Cloverfield Paradox,movie
Coach Carter,movie
Code 8,movie
Code Geass: Lelouch of the Re;Surrection,movie
Coffee & Kareem,movie
Coffee for All,movie
Coin Heist,movie
Cold Feet,movie
Cold Harbour,movie
Cold War,movie
The Coldest Game,movie
Collateral,movie
Collateral Beauty,movie
Collide,movie
Colombiana,movie
Come Sunday,movie
Coming Soon to Theaters,movie
Coming to America,movie
Como caído del cielo,movie
Concussion,movie
The Condemned 2,movie
Congratulations,movie
The Conjuring,movie
The Conjuring 2,movie
Connected,movie
The Consul's Son,movie
Contraband,movie
Convict,movie
Cook Off,movie
Cook Up A Storm,movie
The Core,movie
Corpse Bride,movie
Cosmos Laundromat: First Cycle,movie
Countdown to Death: Pablo Escobar,movie
Counterpunch,movie
Couple of Days,movie
Couples Counseling,movie
Courageous,movie
Court,movie
Cowspiracy: The Sustainability Secret,movie
Crack: Cocaine. Corruption & Conspiracy,movie
Cracked Up: The Darrell Hammond Story,movie
Crazy Awesome Teachers,movie
Crazy Beautiful You,movie
Crazy people,movie
Creating The Queen's Gambit,movie
The Creative Brain,movie
Creed,movie
Creed II,movie
Creep,movie
Creep 2,movie
The Crew,movie
The Crimes That Bind,movie
Crimson Peak,movie
Crip Camp: A Disability Revolution,movie
Cristina,movie
Crossroads: One Two Jaga,movie
Crouching Tiger. Hidden Dragon,movie
Crouching Tiger. Hidden Dragon: Sword of Destiny,movie
The Crystal Calls Making the Dark Crystal: Age of Resistance,movie
Cuba and the Cameraman,movie
Cuddle Weather,movie
Cuidado con lo que deseas,movie
Curse of Chucky,movie
Curtiz,movie
Cuties,movie
Cycle,movie
Cymbeline,movie
Da 5 Bloods,movie
Dabbe 5: Curse of the Jinn,movie
Dabbe 6: The Return,movie
Dabbe: The Possession,movie
Dad Wanted,movie
Daddy Cool,movie
Daddy's Home,movie
Daddy's Home 2,movie
Dallas Buyers Club,movie
Damascus Cover,movie
Dance Academy: The Comeback,movie
Dance Dreams: Hot Chocolate Nutcracker,movie
Dance with Me,movie
Dancing with the Birds,movie
Dangal,movie
Dangerous Lies,movie
Darc,movie
Dark Forces,movie
The Dark Knight,movie
The Dark Knight Rises,movie
The Dark Tower,movie
Dark Waters,movie
The Darkest Dawn,movie
Darkest Hour,movie
David Attenborough: A Life on Our Planet,movie
David Blaine: Real or Magic?,movie
David Blaine: Street Magic,movie
David Blaine: What Is Magic?,movie
David Brent: Life on the Road,movie
The Dawn Wall,movie
Day of the Dead: Bloodline,movie
The Day of the Lord,movie
De sicario a youtuber,movie
Dead Kids,movie
The Dead Pool,movie
Dead Silence,movie
The Dealer,movie
Dear Ex,movie
Dear Zindagi,movie
The Death and Life of Marsha P. Johnson,movie
Death Can Wait,movie
Death in Buenos Aires,movie
Death Note,movie
The Death of Mr. Lazarescu,movie
Death to 2020,movie
Death Wish (2018),movie
The Debt Collector,movie
The Debt Collector 2,movie
The Decline,movie
Dedh Ishqiya,movie
Deep Impact,movie
Deepwater Horizon,movie
Deewana Main Deewana,movie
Deidra & Laney Rob a Train,movie
Delhi 6,movie
Delhi Belly,movie
Deliver Us from Evil,movie
The Delivery Boy,movie
Desire,movie
Desperados,movie
Despicable Me,movie
Despicable Me 2,movie
Despite Everything,movie
Destiny,movie
Detention Letter,movie
Dev.D,movie
Devil,movie
The Devil All The Time,movie
The Devil and Father Amorth,movie
Devil's Gate,movie
The Devil's Mistress,movie
Dhan Dhana Dhan Goal,movie
Dharam Sankat Mein,movie
Dhh,movie
Dhobi Ghat (Mumbai Diaries),movie
Dhoondte Reh Jaoge,movie
Diamonds in the Sky,movie
Dick Johnson Is Dead,movie
The Dictator,movie
Die Ontwaking,movie
Dil,movie
Dil Chahta Hai,movie
Dil Dhadakne Do,movie
Dil Se,movie
Dilan 1990,movie
Dilan 1991,movie
Dilwale,movie
The Dirt,movie
Dirt,movie
Disciples of the 36th Chamber,movie
Disclosure,movie
Disco Dancer,movie
Disconnect,movie
The Discovery,movie
Dismissal,movie
The Distinguished Citizen,movie
Divergent,movie
The Divergent Series: Allegiant - Part 1,movie
The Divergent Series: Insurgent,movie
Divines,movie
Divórcio,movie
DJ Cinderella,movie
Django Unchained,movie
Do Dooni Chaar,movie
The Do-Over,movie
Dolemite Is My Name,movie
The Doll,movie
The Doll 2,movie
Dolly Kitty Aur Woh Chamakte Sitare,movie
Dolly Parton: Here I Am,movie
Dolly Parton’s Christmas on the Square,movie
Dolphin Tale 2,movie
Don,movie
Don 2,movie
Don't Breathe,movie
Don't Crack Under Pressure,movie
Don't Crack Under Pressure II,movie
Don't Crack Under Pressure III,movie
Don't Go Breaking My Heart 2,movie
Don’t Call Me Spinster,movie
Don’t Listen,movie
Doom,movie
Door Ke Darshan,movie
Dostana,movie
Dostana (1980),movie
Dot 2 Dot,movie
Double Dad,movie
Double Jeopardy,movie
Double World,movie
Doubles Cause Troubles,movie
Down a Dark Hall,movie
Downsizing,movie
Dr. Seuss' The Lorax,movie
Dracula Untold,movie
Dragon Quest Your Story,movie
Dragon Tiger Gate,movie
Dragon: The Bruce Lee Story,movie
Dragons: Dawn of the Dragon Racers,movie
Dragons: Rescue Riders: Hunt for the Golden Dragon,movie
Dragons: Rescue Riders: Huttsgalor Holiday,movie
Dragons: Rescue Riders: Secrets of the Songwing,movie
Dream Big: Engineering Our World,movie
DreamWorks Home: For the Holidays,movie
DreamWorks Shrek the Halls,movie
Dress to Wed,movie
Drink Drank Drunk,movie
Drishyam,movie
Drive,movie
The Drowning,movie
The Drug King,movie
Dry Martina,movie
Duck Butter,movie
Duck Duck Goose,movie
Dude,movie
Dudley Do-Right,movie
Due Date,movie
The Duel,movie
The DUFF,movie
Dukhtar,movie
Dumb and Dumber,movie
Dumplin',movie
Duniya,movie
Dunkirk,movie
Duplicate,movie
Dying of the Light,movie
Dying to Tell,movie
E-Team,movie
E.T. the Extra-Terrestrial,movie
Early Man,movie
Earth and Blood,movie
Earthquake Bird,movie
East Side Sushi,movie
An Easy Girl,movie
The Edge of Democracy,movie
Edge of Fear,movie
The Edge of Seventeen,movie
Edge of Tomorrow,movie
Eerie,movie
Eggnoid: Love & Time Portal,movie
The Egyptian Nightingale,movie
An Egyptian Story,movie
Either Me Or My Auntie,movie
Ek Ladki Ko Dekha Toh Aisa Laga,movie
Ek Main Aur Ekk Tu,movie
Ekşi Elmalar,movie
El Camino Christmas,movie
El Camino: A Breaking Bad Movie,movie
El Cazador,movie
El club de los buenos infieles,movie
El club de los insomnes,movie
El jugador,movie
El límite infinito,movie
El Paseo 5,movie
El patrón. radiografía de un crimen,movie
El Pepe. a Supreme Life,movie
El Potro: Unstoppable,movie
El rey del sapo,movie
El sendero de la anaconda,movie
El silencio es bienvenido,movie
El tamaño sí importa,movie
El testigo,movie
El-Khawaga's Dilemma,movie
Elena,movie
Elevator Baby,movie
Eli,movie
Elisa & Marcela,movie
Elite Squad,movie
Elizabeth: The Golden Age,movie
Elvira I Will Give You My Life but I'm Using It,movie
Emicida: AmarElo - It’s All For Yesterday,movie
The Emigrant,movie
Emo the Musical,movie
The Emoji Movie,movie
The End,movie
End Game,movie
The End of Evangelion,movie
The Endless Trench,movie
English Babu Desi Mem,movie
Enola Holmes,movie
Enter the Anime,movie
The Equalizer,movie
Errementari: The Blacksmith and the Devil,movie
Escape from Alcatraz,movie
Escape Plan,movie
Escaping Tel Aviv,movie
Euphoria,movie
Eurovision Song Contest: The Story of Fire Saga,movie
Evan Almighty,movie
EVANGELION: DEATH (TRUE)²,movie
Eve's Apple,movie
Evelyn,movie
Every Day,movie
Everyday I Love You,movie
Everything About Her,movie
Exes Baggage,movie
The Exorcism of Emily Rose,movie
Expedition Happiness,movie
The Expendables 2,movie
Extinction,movie
Extraction,movie
Extremely Wicked. Shockingly Evil and Vile,movie
Extremis,movie
Eye For An Eye,movie
F.R.E.D.I.,movie
The F**k-It List,movie
Facing the Giants,movie
Failure to Launch,movie
Faith. Hope & Love,movie
A Fall from Grace,movie
Falling for Mala,movie
Falling Inn Love,movie
Falz Experience,movie
Familiye,movie
Family Blood,movie
A Family Reunion Christmas,movie
Fan of Amoory,movie
Fanatyk,movie
Fantastic Beasts and Where To Find Them,movie
Fantastica,movie
Farce,movie
Fashion,movie
Fast & Furious,movie
Fast & Furious 6,movie
The Fast and the Furious,movie
The Fast and the Furious: Tokyo Drift,movie
Fast Five,movie
Fatal Affair,movie
Fate/Grand Order -First Order-,movie
Father Figures,movie
Father of the Year,movie
Father Soldier Son,movie
The Fear of 13,movie
Fearless,movie
Feel the Beat,movie
The Feels,movie
The Female Brain,movie
Feminists: What Were They Thinking?,movie
Feo pero sabroso,movie
Fida,movie
Fierce,movie
Fifty Shades Freed,movie
Fifty Shades of Black,movie
Fifty Year Old Teenager,movie
The Figurine (Araromire),movie
Final Girl,movie
The Final Year,movie
Finally Found Someone,movie
Finding Agnes,movie
Finding Mr. Right,movie
Fire in Paradise,movie
Fire in the Blood,movie
Firebrand,movie
Fireproof,movie
Fireworks,movie
First Kiss,movie
First Knight,movie
The First Lady,movie
The First Line,movie
First Love,movie
First Match,movie
The First Purge,movie
First Sunday,movie
First They Killed My Father,movie
Fishtronaut: The Movie,movie
Fist Fight,movie
Fitoor,movie
Five Elements Ninjas,movie
Five Nights in Maine,movie
The Five Venoms,movie
The Five-Year Engagement,movie
Fiza,movie
Flatliners,movie
Flavors of Youth: International Version,movie
Flight,movie
Flimflam,movie
Flowers,movie
Flushed Away,movie
The Flying Guillotine,movie
Flying Guillotine 2,movie
Focus,movie
Follow Me,movie
Food on the Go,movie
Footloose,movie
For Richer or Poorer,movie
For Sama,movie
For the Broken Hearted,movie
For the Love of Spock,movie
For Your Own Good,movie
The Force,movie
Force 2,movie
Forensic,movie
The Forest of Love,movie
Forever Chape,movie
The Forger,movie
Forgetting Sarah Marshall,movie
Forgive Us Our Debts,movie
Forgotten,movie
Forrest Gump,movie
A Fortunate Man,movie
The Forty-Year-Old Version,movie
Four Minutes,movie
Four Sisters and a Wedding,movie
Fractured,movie
Franca: Chaos and Creation,movie
Frank and Cindy,movie
Frankenstein’s Monster’s Monster. Frankenstein,movie
Freaks – You're One of Us,movie
Free Rein: The Twelve Neighs of Christmas,movie
Free Rein: Valentine's Day,movie
Free State of Jones,movie
Freej Al Taibeen,movie
Freezer's Campaign,movie
French Dirty,movie
French Toast,movie
Friends with Benefits,movie
Friends with Money,movie
From A to B,movie
From Japan to Egypt,movie
From Prada to Nada,movie
From Up on Poppy Hill,movie
From Vegas to Macau III,movie
Fukrey,movie
Fukrey Boyzzz: Space Mein Fukrapanti,movie
Full Out,movie
Full Out 2: You Got This!,movie
FullMetal Alchemist,movie
The Fundamentals of Caring,movie
Furie,movie
Furious 7,movie
Fury,movie
The Fury of a Patient Man,movie
A Futile and Stupid Gesture,movie
FYRE: The Greatest Party That Never Happened,movie
Gabbar Is Back,movie
Gabo: The Creation of Gabriel García Márquez,movie
Gaga: Five Foot Two,movie
The Gambler,movie
Game,movie
The Game Changers,movie
Game Over,movie
Game Over (Hindi Version),movie
Game Over (Tamil Version),movie
Game Over (Telugu Version),movie
Game Over. Man!,movie
Gandu,movie
Gang of the Caribbean,movie
Gangaajal,movie
Gangster's Paradise: Jerusalema,movie
GANTZ:O,movie
Gatao 2: Rise of the King,movie
Gbomo Gbomo Express,movie
GEN HOSHINO STADIUM TOUR “POP VIRUS”,movie
The General's Daughter,movie
Generation Iron 2,movie
Generation Iron 3,movie
The Gentleman Driver,movie
The Gentlemen,movie
Geostorm,movie
Gerald's Game,movie
The German Doctor,movie
Geronimo: An American Legend,movie
Get Hard,movie
Get In,movie
Get Me Roger Stone,movie
Get Rich or Die Tryin',movie
Getaway Plan,movie
Ghadi,movie
Ghanchakkar,movie
Ghost,movie
The Ghost and the Tout,movie
Ghost in the Shell,movie
Ghost Killers vs Bloody Mary,movie
Ghost Patrol,movie
Ghost Rider,movie
Ghost Stories,movie
Ghosts of Sugar Land,movie
The Giant,movie
Gibby,movie
Gifted Hands: The Ben Carson Story,movie
GIMS: On the Record,movie
Ginny Weds Sunny,movie
Girl,movie
The Girl Allergic to Wi-Fi,movie
The Girl from the Song,movie
The Girl Who Leapt Through Time,movie
The Girl with the Dragon Tattoo,movie
Girl's Revenge,movie
Girlfriend's Day,movie
Girls With Balls,movie
Giving Voice,movie
Gladiator,movie
Gladiator,movie
The Glass Castle,movie
Go Karts,movie
A Go! Go! Cory Carson Christmas,movie
A Go! Go! Cory Carson Halloween,movie
A Go! Go! Cory Carson Summer Camp,movie
Go! Go! Cory Carson: The Chrissy,movie
GO! The Unforgettable Party,movie
Goal Seeker,movie
God of War,movie
God's Not Dead,movie
God's Not Dead 2,movie
The Godfather: Part II,movie
The Godfather: Part III,movie
Gods of Egypt,movie
Godzilla,movie
Godzilla,movie
GODZILLA City on the Edge of Battle,movie
GODZILLA Planet of the Monsters,movie
GODZILLA The Planet Eater,movie
Goedam,movie
Going for Gold,movie
Going in Style,movie
Gold,movie
The Golden Era,movie
Gollu aur Pappu,movie
Golmaal Returns,movie
Good and Prosperous,movie
Good Burger,movie
Good Game: The Beginning,movie
Good Luck,movie
Good Sam,movie
Goon: Last of the Enforcers,movie
Goosebumps,movie
Gori Tere Pyaar Mein,movie
Görümce,movie
Goyo: The Boy General,movie
Grandma's Birthday,movie
Grandma's Last Wishes,movie
Grandma's Wedding,movie
Grandmaster,movie
Grandmother's Farm,movie
Grandmother's Farm Part 2,movie
Grass Is Greener,movie
Gravity,movie
Grease,movie
The Great Gilly Hopkins,movie
The Great Hack,movie
The Great Magician,movie
The Greatest Miracle,movie
Green Lantern,movie
The Green Mile,movie
Green Zone,movie
Gridiron Gang,movie
Growing up and other problems,movie
Grown Ups,movie
Grown Ups 2,movie
The Guardian Brothers,movie
Guatemala: Heart of the Mayan World,movie
The Guernsey Literary and Potato Peel Pie Society,movie
The Guest,movie
Guillermo Vilas: Settling the Score,movie
Guilty,movie
Guilty,movie
Gumrah,movie
Gun City,movie
Gunjan Saxena: The Kargil Girl,movie
Guzaarish,movie
Haider,movie
Hajwala 2: Mysterious Mission,movie
Hajwala: The Missing Engine,movie
Hakkunde,movie
Half Girlfriend,movie
The Half Of It,movie
Hamza's Suitcase,movie
Handsome Devil,movie
Handsome: A Netflix Mystery Movie,movie
Hannibal,movie
Happy Anniversary,movie
Happy as Lazzaro,movie
Happy New Year,movie
Happy Old Year,movie
Har Kisse Ke Hisse: Kaamyaab,movie
Haraamkhor,movie
A Hard Day,movie
Hard to Kill,movie
The Hard Way,movie
Harishchandrachi Factory,movie
Harud,movie
Hasee Toh Phasee,movie
The Hater,movie
Hattrick,movie
A Haunted House 2,movie
Have a Good Trip: Adventures in Psychedelics,movie
Have You Seen the Listers?,movie
Hawaizaada,movie
He Even Has Your Eyes,movie
He Never Died,movie
He's Out There,movie
Headshot,movie
Heal,movie
The Heartbreak Club,movie
The Heartbreak Kid,movie
Heaven Is for Real,movie
Heaven Without People,movie
A Heavy Heart,movie
Hellboy II: The Golden Army,movie
Hello Brother,movie
Hello. Love. Goodbye,movie
Hello. Privilege. It's Me. Chelsea,movie
Heneral Luna,movie
Here Comes the Boom,movie
Heritages,movie
Hero,movie
The Heroes of Evil,movie
Heroes Wanted,movie
Heroin(e),movie
Heroine,movie
High Flying Bird,movie
High Society,movie
High-Rise,movie
Highway,movie
The Highwaymen,movie
Hikaru Utada Laughter in the Dark Tour 2018,movie
Hillbilly Elegy,movie
Himmatwala,movie
His House,movie
Historietas Assombradas: O Filme,movie
Hitch,movie
Hitler - A Career,movie
Hold the Dark,movie
Holding the Man,movie
Hole in the Wall,movie
Holidate,movie
The Holiday,movie
The Holiday Calendar,movie
Holiday in the Wild,movie
Holiday Rush,movie
Holidays,movie
A Hologram for the King,movie
Holy Camp!,movie
Holy Camp! (Sing-Along Version),movie
Holy Expectations,movie
Holy Goalie,movie
Home Again,movie
A Home with A View,movie
HOMECOMING: A film by Beyoncé,movie
Homemade,movie
Honey,movie
Honey 2,movie
Honeymoon Travels Pvt. Ltd.,movie
Hop,movie
Hope Frozen: A Quest to Live Twice,movie
Horrid Henry's Gross Day Out,movie
Horror Story,movie
Horse Girl,movie
The Host,movie
Hostages,movie
Hostel,movie
Hostel: Part III,movie
Hot Gimmick: Girl Meets Boy,movie
Hot Girls Wanted,movie
Hot Sweet Sour,movie
Hotel for Dogs,movie
Hotel Transylvania,movie
Hotel Transylvania 2,movie
An Hour and a Half,movie
The House,movie
House Arrest,movie
The House Bunny,movie
House of Wax,movie
How High,movie
How It Ends,movie
How the Grinch Stole Christmas,movie
How to Be a Latin Lover,movie
How to Get Over a Breakup,movie
How to Lose a Guy in 10 Days,movie
How to Make Love Like an Englishman,movie
How to Talk to Girls at Parties,movie
How to Train Your Dragon,movie
How to Train Your Dragon 2,movie
Howl’s Moving Castle,movie
The Hows of Us,movie
Hubie Halloween,movie
Hulk,movie
Hulk Vs.,movie
Hum Aapke Hain Koun,movie
Hum Saath-Saath Hain,movie
Human Nature,movie
Humpty Sharma Ki Dulhania,movie
The Hunger Games: Catching Fire,movie
The Hunger Games: Mockingjay - Part 1,movie
The Hunger Games: Mockingjay - Part 2,movie
Hungerford,movie
The Hungover Games,movie
Hunter in the Blue Side of Manchester,movie
Hunterrr,movie
Hunting Season,movie
Hurricane Bianca: From Russia With Hate,movie
Husbands in Goa,movie
Hush,movie
I Am,movie
I Am Happiness on Earth,movie
I am Jonas,movie
I Am Kalam,movie
I Am Maris,movie
I Am Michael,movie
I Am Mother,movie
I Am Not an Easy Man,movie
I Am the Pretty Thing That Lives in the House,movie
I Called Him Morgan,movie
I Can Only Imagine,movie
I Don't Feel at Home in This World Anymore,movie
I Dream Of Dance,movie
I Hate Luv Storys,movie
I Lost My Body,movie
I Love You,movie
I love you. stupid,movie
I Spit on Your Grave,movie
I. Daniel Blake,movie
I'll Be Home for Christmas,movie
I'll Sleep When I'm Dead,movie
I'm Leaving Now,movie
I'm No Longer Here,movie
I'm Thinking of Ending Things,movie
Ibiza,movie
iBOY,movie
Icarus,movie
Identity Thief,movie
If Anything Happens I Love You,movie
If You Saw His Heart,movie
Illang: The Wolf Brigade,movie
The Image Book,movie
Imperfect,movie
Imperial Dreams,movie
The Impossible,movie
In Family I Trust,movie
In My Country,movie
In Paradox,movie
In the Heart of the Sea,movie
In the Shadow of the Moon,movie
In the Tall Grass,movie
Inception,movie
The Incredible Jessica James,movie
Indiana Jones and the Kingdom of the Crystal Skull,movie
Indiana Jones and the Last Crusade,movie
Indiana Jones and the Raiders of the Lost Ark,movie
Indiana Jones and the Temple of Doom,movie
Infernal Affairs II,movie
Infernal Affairs III,movie
Inferno,movie
The Influence,movie
Inglourious Basterds,movie
Initial D,movie
Inkaar,movie
The Innocents,movie
Inside,movie
Inside Job,movie
Inside Man,movie
Insidious: Chapter 3,movie
An Inspector Calls,movie
Instructions Not Included,movie
The Insult,movie
The Intern,movie
The International Player,movie
Into the Inferno,movie
Into the Storm,movie
Intuition,movie
Invader Zim: Enter the Florpus,movie
The Invention of Lying,movie
The Invincible Dragon,movie
Invisible,movie
The Invisible Guardian,movie
The Invisible Guest,movie
The Invisibles,movie
The Invitation,movie
IO,movie
Ip Man,movie
Ip Man 2,movie
Ip Man 3,movie
The Irishman,movie
The Irishman: In Conversation,movie
Iron Fists and Kung-Fu Kicks,movie
Irreplaceable You,movie
Isa Pa with Feelings,movie
Ishq Vishk,movie
Ishqiya,movie
Isi & Ossi,movie
The Island,movie
Islands of Faith,movie
Isn't It Romantic,movie
Isoken,movie
İstanbul Kırmızısı,movie
It,movie
It Comes at Night,movie
It Takes a Lunatic,movie
It Takes a Man and a Woman,movie
It Takes Two,movie
It's Fine,movie
It's Her Day,movie
It's Kind of a Funny Story,movie
It's Now or Never,movie
It's Okay. Buddy,movie
The Italian Job,movie
The Ivory Game,movie
Iyore,movie
Jaane Tu... Ya Jaane Na,movie
Jab Harry Met Sejal,movie
Jab We Met,movie
Jack and Jill,movie
Jack Reacher,movie
Jack Ryan: Shadow Recruit,movie
Jack the Giant Slayer,movie
Jagga Jasoos,movie
Jai Mummy Di,movie
Jailbreak,movie
Janoskians: Untold and Untrue,movie
Jaoon Kahan Bata Ae Dil,movie
Jason and the Argonauts,movie
Jeepers Creepers 3,movie
Jefe,movie
Jeremiah Tower: The Last Magnificent,movie
Jeremy Scott: The People's Designer,movie
Jerry Seinfeld: Comedian,movie
Jessica Darling's It List,movie
Jigsaw,movie
Jim & Andy: The Great Beyond - Featuring a Very Special. Contractually Obligated Mention of Tony Clifton,movie
Jingle Jangle: A Christmas Journey,movie
Jo Pil-ho: The Dawning Rage,movie
Joan Didion: The Center Will Not Hold,movie
Jodhaa Akbar,movie
Joe,movie
John & Yoko: Above Us Only Sky,movie
John Mulaney & The Sack Lunch Bunch,movie
John Was Trying to Contact Aliens,movie
John Wick: Chapter 2,movie
Johnny English Reborn,movie
Joker,movie
Jonas,movie
Joshua: Teenager vs. Superpower,movie
Journey 2: The Mysterious Island,movie
The Journey Is the Destination,movie
Journey to Greenland,movie
Journey to the Center of the Earth,movie
Joy,movie
Juanita,movie
The Judge,movie
Julian Schnabel: A Private Portrait,movie
Jumanji: Welcome to the Jungle,movie
Jupiter Ascending,movie
Jurassic World: Fallen Kingdom,movie
Just Another Christmas,movie
Just Getting Started,movie
Just Love,movie
Just The Way You Are,movie
Justice League,movie
Justice. My Foot!,movie
Justin Bieber: Never Say Never,movie
Justin Timberlake + the Tennessee Kids,movie
Kaagar,movie
Kaal,movie
Kaali Khuhi,movie
Kabhi Alvida Naa Kehna,movie
Kabhi Haan Kabhi Naa,movie
Kabhi Khushi Kabhie Gham,movie
Kabir Singh,movie
Kahaani,movie
Kai Po Che!,movie
Kal Ho Naa Ho,movie
Kalakalappu,movie
Kalek Shanab,movie
Kalel. 15,movie
Kaminey,movie
Kandasamys: The Wedding,movie
Kannum Kannum Kollaiyadithaal,movie
Kapoor & Sons,movie
Kappela,movie
Kardec,movie
Karkar,movie
Karthik Calling Karthik,movie
Kartini: Princess of Java,movie
Kasanova,movie
Katti Batti,movie
Keeper of Darkness,movie
Keith Richards: Under the Influence,movie
Kevin Hart's Guide to Black History,movie
Khabsa - What Did I Mess,movie
Khoobsurat,movie
Kick-Ass,movie
Kickboxer: Retaliation,movie
Kicking and Screaming,movie
A Kid Like Jake,movie
Kidnap,movie
Kidnapping Stella,movie
Kiki’s Delivery Service,movie
Kill Hitler! The Luck of the Devil,movie
Kill Me Three Times,movie
Kill Zone 2,movie
Killa,movie
The Killer,movie
The King,movie
King Arthur: Legend of the Sword,movie
King Cobra,movie
(Un)Well,serie
#blackAF,serie
The 100,serie
100 Days My Prince,serie
100 días para enamorarnos,serie
100 Humans,serie
13 Commandments,serie
13 Reasons Why,serie
13 Reasons Why: Beyond the Reasons,serie
1983,serie
1994,serie
21 Thunder,serie
28 Moons,serie
3%,serie
31 Minutos,serie
3Below: Tales of Arcadia,serie
The 43,serie
44 Cats,serie
45 rpm,serie
46,serie
7 Days Out,serie
72 Cutest Animals,serie
72 Dangerous Animals: Asia,serie
72 Dangerous Animals: Latin America,serie
72 Dangerous Places to Live,serie
7SEEDS,serie
The A List,serie
A.I.C.O.,serie
Abby Hatcher,serie
Abstract: The Art of Design,serie
Absurd Planet,serie
Abyss,serie
Accidentally in Love,serie
Ad Vitam,serie
Adventure Time,serie
The Adventures of Chuck & Friends,serie
The Adventures of Puss in Boots,serie
Afflicted,serie
Afronta! Facing It!,serie
After Life,serie
Age of Rebellion,serie
Age of Tanks,serie
Agent,serie
Aggretsuko,serie
Aggretsuko: We Wish You a Metal Christmas,serie
Ainori Love Wagon: African Journey,serie
Ainori Love Wagon: Asian Journey,serie
AJ and the Queen,serie
AJIN: Demi-Human,serie
Akame ga Kill!,serie
Al Hayba,serie
The Alcàsser Murders,serie
Alexa & Katie,serie
Alias Grace,serie
Alice in Borderland,serie
Alien TV,serie
Alien Worlds,serie
The Alienist,serie
All About Love,serie
All About the Washingtons,serie
All For Love,serie
All Hail King Julien,serie
All Hail King Julien: Exiled,serie
Almost Happy,serie
Alphablocks,serie
Altered Carbon,serie
ALVINNN!!! And the Chipmunks,serie
Always a Witch,serie
Amazing Interiors,serie
The Amazing World of Gumball,serie
The American Barbecue Showdown,serie
American Vandal,serie
Amo,serie
Angel 'N' Devil,serie
Angel Beats!,serie
Angry Birds,serie
Anitta: Made In Honório,serie
Anne with an E,serie
Anohana: The Flower We Saw That Day,serie
Another Life,serie
Another Miss Oh,serie
Answer for Heaven,serie
Apache: The Life of Carlos Tevez,serie
Apaches,serie
Aquarius,serie
ARASHI's Diary -Voyage-,serie
Archer,serie
Archibald's Next Big Thing,serie
Ares,serie
Argon,serie
Arrested Development,serie
Arrow,serie
Arthdal Chronicles,serie
Ash vs. Evil Dead,serie
Ashes of Love,serie
Ashley Garcia: Genius in Love,serie
Ask the Doctor,serie
Ask the StoryBots,serie
The Assassination of Gianni Versace,serie
Astronomy Club: The Sketch Show,serie
Atelier,serie
Atlanta,serie
Atomic Puppet,serie
Atypical,serie
Aunty Donna's Big Ol' House of Fun,serie
Aussie Gold Hunters,serie
Avatar: The Last Airbender,serie
Awake: The Million Dollar Game,serie
Away,serie
B: The Beginning,serie
Babies,serie
Baby,serie
Baby Ballroom,serie
The Baby-Sitters Club,serie
Back Street Girls -GOKUDOLS-,serie
Back with the Ex,serie
The Backyardigans,serie
Bad Blood,serie
Bad Boy Billionaires: India,serie
Bad Guys,serie
Bad Guys: Vile City,serie
BAKI,serie
Bakugan: Battle Planet,serie
Bala Loca,serie
Bangkok Buddies,serie
Bangkok Love Stories: Hey You!,serie
Bangkok Love Stories: Innocence,serie
Bangkok Love Stories: Objects of Affection,serie
Bangkok Love Stories: Plead,serie
Barbarians,serie
Barbie Dreamhouse Adventures,serie
Barbie Dreamhouse Adventures: Go Team Roberts,serie
Barbie Life in the Dreamhouse,serie
Bard of Blood,serie
The Barrier,serie
Basketball or Nothing,serie
Battlefish,serie
BEASTARS,serie
Beat Bugs,serie
Because This Is My First Life,serie
Becoming Champions,serie
The Beginning and End of the Universe,serie
The Beginning of Life: The Series,serie
Behzat Ç.,serie
Below Deck,serie
Ben & Holly's Little Kingdom,serie
Best Leftovers Ever!,serie
Best Lover,serie
Best.Worst.Weekend.Ever.,serie
Betaal,serie
Better Call Saul,serie
Better Than Us,serie
Betty en NY,serie
Between,serie
Beyblade Burst,serie
Beyblade Burst Turbo,serie
Beyond Stranger Things,serie
Bhaag Beanie Bhaag,serie
The Big Family Cooking Showdown,serie
The Big Flower Fight,serie
Big Mouth,serie
The Big Show Show,serie
Bill Nye Saves the World,serie
Billions,serie
Biohackers,serie
Bitter Daisies,serie
Black,serie
Black Butler,serie
Black Crows,serie
Black Earth Rising,serie
Black Lagoon,serie
Black Lightning,serie
Black Mirror,serie
Black Mirror: Bandersnatch,serie
Black Money Love,serie
Black Sails,serie
Black Spot,serie
Black Summer,serie
The Blacklist,serie
Blazing Transfer Students,serie
Bleach,serie
The Bletchley Circle: San Francisco,serie
Blindspot,serie
Bling Empire,serie
Blood & Water,serie
Blood of Zeus,serie
Blood Pact,serie
Bloodline,serie
Bloodride,serie
Blown Away,serie
Blue Exorcist,serie
BNA,serie
Bobby Kennedy for President,serie
Boca Juniors Confidential,serie
Bodyguard,serie
BoJack Horseman,serie
BoJack Horseman Christmas Special: Sabrina's Christmas Wish,serie
Bolívar,serie
BONDING,serie
The Bonfire of Destiny,serie
Bonus Family,serie
Booba,serie
Bookmarks,serie
Borderliner,serie
Bordertown,serie
Borgen,serie
Borges,serie
The Boss Baby: Back in Business,serie
The Boss Baby: Get That Baby!,serie
Bottersnikes & Gumbles,serie
A Boy Name Flora A,serie
Boys Over Flowers,serie
Brainchild,serie
Brave Miss World,serie
Bread Barbershop,serie
The Break,serie
BREAK IT ALL: The History of Rock in Latin America,serie
The Break with Michelle Wolf,serie
Breakfast. Lunch & Dinner,serie
Breaking Bad,serie
Brews Brothers,serie
The Bride of Habaek,serie
Bridgerton,serie
Bring It On. Ghost,serie
Broken,serie
Brooklyn Nine-Nine,serie
Brotherhood,serie
Buddi,serie
Buddy Thunderstruck,serie
Buddy Thunderstruck: The Maybe Pile,serie
Bumping Mics with Jeff Ross & Dave Attell,serie
Bureau of Magical Things,serie
The Business of Drugs,serie
Busted!,serie
The Cabin with Bert Kreischer,serie
Cabins in the Wild with Dick Strawbridge,serie
Cable Girls,serie
Cagaster of an Insect Cage,serie
Caillou,serie
Cain and Abel,serie
Cairo Class,serie
Calimero,serie
Caliphate,serie
Call My Agent!,serie
Camarón Revolution,serie
Can You Hear Me?,serie
Candy Online,serie
Cannon Busters,serie
Captain Tsubasa,serie
Captain Underpants Epic Choice-o-Rama,serie
Captain Underpants Mega Blissmas,serie
Captive,serie
Car Masters: Rust to Riches,serie
Care Bears & Cousins,serie
Carlo & Malik,serie
Carmel: Who Killed Maria Marta?,serie
Carmen Sandiego,serie
Carmen Sandiego: To Steal or Not to Steal,serie
CAROLE & TUESDAY,serie
Case,serie
The Casketeers,serie
Castle and Castle,serie
Castlevania,serie
The Cat in the Hat Knows a Lot About That!,serie
Cathedral of the Sea,serie
Cells at Work!,serie
The Chalet,serie
Challenger,serie
Chambers,serie
Champions,serie
Charlie's Colorforms City,serie
The Charming Stepmom,serie
Chasing Cameron,serie
Check The Store Next Door: The Next Chapter,serie
Cheer,serie
Cheese in the Trap,serie
The Chef Show,serie
Chef's Table,serie
Chef's Table: BBQ,serie
Chef's Table: France,serie
Chelsea,serie
Chelsea Does,serie
Chesapeake Shores,serie
Chica Vampiro,serie
Chicago Typewriter,serie
Chicken Soup for the Soul's Being Dad,serie
Chico Bon Bon and the Very Berry Holiday,serie
Chico Bon Bon: Monkey with a Tool Belt,serie
Chief of Staff,serie
Children of Adam,serie
Children of the Whales,serie
Chilling Adventures of Sabrina,serie
Chip and Potato,serie
Chocolate,serie
Chosen,serie
The Chosen One,serie
Christiane Amanpour: Sex & Love Around the World,serie
A Christmas Special: Miraculous: Tales of Ladybug & Cat Noir,serie
Churchill’s Secret Agents: The New Recruits,serie
Cinderella and the Four Knights,serie
The Circle,serie
The Circle Brazil,serie
The Circle France,serie
Clarence,serie
Cleo & Cuquin,serie
Close Enough,serie
Close Your Eyes Before It’s Dark,serie
Cloudy with a Chance of Meatballs,serie
The Club,serie
Club 57,serie
Club de Cuervos,serie
Club de Cuervos Presents: I. Potro,serie
Club de Cuervos Presents: The Ballad of Hugo Sánchez,serie
Coach Snoop,serie
Cobra Kai,serie
Cocaine,serie
Cocaine Coast,serie
CoComelon,serie
Cocomong,serie
The Code,serie
The Code,serie
Code Geass: Lelouch of the Rebellion,serie
Code Lyoko,serie
Collateral,serie
Colony,serie
Color of Woman,serie
Comedians in Cars Getting Coffee,serie
COMEDIANS of the world,serie
The Comedy Lineup,serie
Community,serie
The Confession Killer,serie
The Confession Tapes,serie
Connected,serie
Control Z,serie
Conversations with a Killer: The Ted Bundy Tapes,serie
Cooked,serie
Cooked with Cannabis,serie
Cooking on High,serie
Coronavirus. Explained,serie
The Could’ve-Gone-All-the-Way Committee,serie
Country Ever After,serie
Craig Ross Jr.'s Monogamy,serie
Crash Landing on You,serie
Crashing,serie
Crazy Delicious,serie
Crazy Ex-Girlfriend,serie
Crazy. Lovely. Cool,serie
Crazyhead,serie
The Creative Indians,serie
Creators,serie
Creeped Out,serie
Cricket Fever: Mumbai Indians,serie
The Crime,serie
Crime Diaries: Night Out,serie
Crime Diaries: The Candidate,serie
Crime Files: The Homefront,serie
Criminal: France,serie
Criminal: Germany,serie
Criminal: Spain,serie
Criminal: UK,serie
The Crown,serie
The Cuba Libre Story,serie
Cuckoo,serie
Cupcake & Dino - General Services,serie
The Curious Creations of Christine McConnell,serie
Curon,serie
Cursed,serie
Cyborg 009 VS Devilman,serie
Cyborg 009: Call of Justice,serie
Damnation,serie
Dance & Sing with True,serie
Dancing Queen,serie
Danger Mouse,serie
Danger Mouse: Classic Collection,serie
Daniel Sloss: Live Shows,serie
Daniel Tiger's Neighbourhood,serie
Dare Me,serie
Dark,serie
The Dark Crystal: Age of Resistance,serie
Dark Desire,serie
Dark Net,serie
Dark Tourist,serie
DASH & LILY,serie
A Date With Destiny,serie
Dating Around,serie
Dating Around: Brazil,serie
Daughter From Another Mother,serie
Daughters of Destiny,serie
Dave Chappelle,serie
Dave Chappelle: Equanimity & The Bird Revelation,serie
Dave Chappelle: The Kennedy Center Mark Twain Prize for American Humor,serie
Dawn of the Croods,serie
Dawson's Creek,serie
Day and Night,serie
The Day I Met El Chapo,serie
Daybreak,serie
Days We Stared at the Sun,serie
DC Super Hero Girls,serie
DC's Legends of Tomorrow,serie
Dead to Me,serie
Deadwind,serie
Deaf U,serie
Dear My Friends,serie
Dear White People,serie
Death by Magic,serie
DEATH NOTE,serie
The Deep,serie
Deep Undercover,serie
Deep Water,serie
The Defected,serie
The Defiant Ones,serie
The Degenerates,serie
Degrassi: Next Class,serie
Déjà Vu,serie
Delhi Crime,serie
DeMarcus Family Rules,serie
Demon's Path,serie
Dérè: An African Tale,serie
Derek,serie
Derry Girls,serie
Designated Survivor,serie
Designated Survivor: 60 Days,serie
Detention,serie
The Devil Next Door,serie
The Devil Punisher,serie
Devilman Crybaby,serie
Diablero,serie
Diabolik Lovers,serie
Diagnosis,serie
Diamond City,serie
Dino Girl Gauko,serie
Dinosaur Train,serie
Dinotrux,serie
Dinotrux Supercharged,serie
Dirk Gently's Holistic Detective Agency,serie
Dirty John,serie
Dirty Money,serie
The Disappearance of Madeleine McCann,serie
The Disastrous Life of Saiki K.,serie
The Disastrous Life of Saiki K.: Reawakened,serie
Disenchantment,serie
Disjointed,serie
Do Do Sol Sol La La Sol,serie
Doc Martin,serie
Doctor Foster,serie
Dogs,serie
Dogs of Berlin,serie
Dollar,serie
Dolly Parton's Heartstrings,serie
Don't F**k with Cats: Hunting an Internet Killer,serie
Dope,serie
Dora the Explorer,serie
Dorohedoro,serie
Down to Earth with Zac Efron,serie
Dracula,serie
DRAGON PILOT: Hisone & Masotan,serie
The Dragon Prince,serie
Dragon's Dogma,serie
Dragons: Race to the Edge,serie
Dragons: Rescue Riders,serie
Dragons: Rescue Riders: Hunt for the Golden Dragon,serie
Dragons: Rescue Riders: Huttsgalor Holiday,serie
Dragons: Rescue Riders: Secrets of the Songwing,serie
Dream Home Makeover,serie
DreamWorks Happy Holidays from Madagascar,serie
DreamWorks Holiday Classics,serie
DreamWorks Home: For the Holidays,serie
DreamWorks How to Train Your Dragon Legends,serie
DreamWorks Kung Fu Panda Awesome Secrets,serie
DreamWorks Shrek's Swamp Stories,serie
DreamWorks Spooky Stories,serie
DreamWorks Spooky Stories: Volume 2,serie
DRIFTING DRAGONS,serie
Droppin' Cash: Los Angeles,serie
Drug Lords,serie
Drug Squad: Costa del Sol,serie
The Duchess,serie
Dynasty,serie
Eastsiders,serie
Easy,serie
The Eddy,serie
Edgar Rice Burroughs' Tarzan and Jane,serie
Edha,serie
The Eena Meena Deeka Chase Comedy Show,serie
El Cartel,serie
El Cartel 2,serie
El Chapo,serie
El Chema,serie
El Dragón: Return of a Warrior,serie
El final del paraíso,serie
El marginal,serie
El Reemplazante,serie
El señor de los Cielos,serie
El Vato,serie
Elite,serie
Ellen DeGeneres: Relatable,serie
Emily in Paris,serie
Emily's Wonder Lab,serie
Empire of the Tsars,serie
The End of the F***ing World,serie
Enemigo íntimo,serie
The English Game,serie
The Epic Tales of Captain Underpants,serie
The Epic Tales of Captain Underpants in Space,serie
Equestria Girls: Tales of Canterlot High,serie
Equinox,serie
Erased,serie
Erased,serie
Ergo Proxy,serie
Especial 20 años Fútbol de Primera,serie
Eternal Love,serie
Ethos,serie
Ever After High,serie
Everyday Miracles,serie
Everything Sucks!,serie
Evil Genius: the True Story of America's Most Diabolical Bank Heist,serie
Examination of Conscience,serie
Exhibit A,serie
Expedientes Criminales,serie
Explained,serie
Extracurricular,serie
Extreme Engagement,serie
F is for Family,serie
Fabulous Lives of Bollywood Wives,serie
Fallet,serie
Falsa identidad,serie
Familiar Wife,serie
The Family,serie
Family Business,serie
Family Reunion,serie
A Family Reunion Christmas,serie
Fangbone,serie
Fargo,serie
Fary: Hexagone,serie
Fast & Furious Spy Racers,serie
Fastest Car,serie
Fate: The Winx Saga,serie
Fate/Apocrypha,serie
Fate/EXTRA Last Encore,serie
Fate/stay night: Unlimited Blade Works,serie
Fate/Zero,serie
Fauda,serie
Fear City: New York vs The Mafia,serie
Fearless,serie
Feel Good,serie
Felipe Esparza: Bad Decisions,serie
The Fierce Wife,serie
Fifty: The Series,serie
FIGHTWORLD,serie
FINAL FANTASY XIV Dad of Light,serie
Final Space,serie
The Final Table,serie
Find Yourself,serie
Fire Chasers,serie
Fireman Sam,serie
First and Last,serie
First Team: Juventus,serie
Five Came Back,serie
The Fix,serie
Flaked,serie
The Flash,serie
Flavorful Origins,serie
Flinch,serie
Flint Town,serie
Floor Is Lava,serie
Flowering Heart,serie
Follow This,serie
Followers,serie
Food Wars!: Shokugeki no Soma,serie
The Forest,serie
The Forest of Love: Deep Cut,serie
Forest of Piano,serie
Formula 1: Drive to Survive,serie
Frank Elstner: Just One Last Question,serie
The Frankenstein Chronicles,serie
Free Rein,serie
Free Rein: The Twelve Neighs of Christmas,serie
Free Rein: Valentine's Day,serie
Freud,serie
Friends from College,serie
From Dusk Till Dawn,serie
Frontier,serie
The Frozen Dead,serie
Fugitiva,serie
Fukrey Boyzzz,serie
Fuller House,serie
Fullmetal Alchemist,serie
Fullmetal Alchemist: Brotherhood,serie
Futmalls.com,serie
Gabby's Dollhouse,serie
Galinha Pintadinha,serie
Galinha Pintadinha Mini,serie
GAME ON: A Comedy Crossover Event,serie
Gameboys Level-Up Edition,serie
The Garfield Show,serie
Genius of the Ancient World,serie
Gentefied,serie
The Get Down,serie
Get Even,serie
Get Organized with The Home Edit,serie
The Ghost Bride,serie
Ghost in the Shell: SAC_2045,serie
Ghost Wars,serie
GHOUL,serie
The Gift,serie
Gigantosaurus,serie
Gilmore Girls,serie
Gilmore Girls: A Year in the Life,serie
Giri / Haji,serie
Girl from Nowhere,serie
Girlboss,serie
Girls from Ipanema,serie
Girls Incarcerated,serie
Glee,serie
Glitch,serie
Glitch Techs,serie
Glitter Force,serie
Glitter Force Doki Doki,serie
GLOW,serie
Glow Up,serie
Go! Go! Cory Carson,serie
A Go! Go! Cory Carson Christmas,serie
A Go! Go! Cory Carson Halloween,serie
A Go! Go! Cory Carson Summer Camp,serie
Go! Go! Cory Carson: The Chrissy,serie
Go! Live Your Way,serie
GO! The Unforgettable Party,serie
God Eater,serie
Godless,serie
Goedam,serie
Gold Stars: The Story of the FIFA World Cup Tournaments,serie
The Good Bandit,serie
The Good Cop,serie
The Good Detective,serie
Good Girls,serie
Good Morning Call,serie
Good Morning. Verônica,serie
The Good Place,serie
Good Witch,serie
the goop lab with Gwyneth Paltrow,serie
Gormiti,serie
Gotham,serie
The Governor,serie
Grace and Frankie,serie
Graceful Friends,serie
GRANBLUE FANTASY the Animation,serie
Grand Army,serie
Grand Designs,serie
The Great Heist,serie
Great News,serie
Great Pretender,serie
Greatest Events of WWII in Colour,serie
Green Door,serie
Green Eggs and Ham,serie
Green Frontier,serie
Greenhouse Academy,serie
Greenleaf,serie
Grey's Anatomy,serie
Grizzy and the Lemmings,serie
The Guest,serie
Gurren Lagann,serie
Gypsy,serie
H,serie
H2O: Just Add Water,serie
H2O: Mermaid Adventures,serie
Hache,serie
Handsome Siblings,serie
Happy And,serie
Happy Jail,serie
Happy!,serie
Harvey Girls Forever!,serie
Hashoter Hatov,serie
Hasmukh,serie
Hatchimals | Adventures in Hatchtopia,serie
Haters Back Off,serie
Haunted,serie
The Haunting of Bly Manor,serie
The Haunting of Hill House,serie
Have You Ever Fallen in Love. Miss Jiang?,serie
Headspace Guide to Meditation,serie
The Healing Powers of Dude,serie
Heartbreak High,serie
Heartland,serie
Heaven's Garden,serie
Heavy Rescue: 401,serie
Heidi. bienvenida a casa,serie
Hello Ninja,serie
Hello. My Twenties!,serie
Hellsing Ultimate,serie
Hemlock Grove,serie
Henry Danger,serie
Her Mother's Killer,serie
HERO MASK,serie
Herrens veje,serie
Hi Bye. Mama!,serie
Hi Score Girl,serie
Hibana: Spark,serie
High Score,serie
High Seas,serie
Highland: Thailand's Marijuana Awakening,serie
Hilda,serie
Hinterland,serie
Hip-Hop Evolution,serie
Historical Roasts,serie
History 101,serie
History of Swear Words,serie
Hitler's Circle of Evil,serie
The Hockey Girls,serie
Holiday Home Makeover with Mr. Christmas,serie
The Holiday Movies That Made Us,serie
Holiday Secrets,serie
The Hollow,serie
Hollywood,serie
Home for Christmas,serie
Home Game,serie
Home: Adventures with Tip & Oh,serie
Homemade,serie
The Honeymoon Stand Up Special,serie
Hong Kong West Side Stories,serie
Hook,serie
The Hook Up Plan,serie
Hoops,serie
Hospital Playlist,serie
Hot Girls Wanted: Turned On,serie
Hotel Transylvania,serie
A House of Blocks,serie
House of Cards,serie
The House of Flowers,serie
The House of Flowers Presents: The Funeral,serie
How to Fix a Drug Scandal,serie
How to Get Away With Murder,serie
How to Live Mortgage Free with Sarah Beeny,serie
How To Ruin Christmas,serie
How to Sell Drugs Online (Fast),serie
Huge in France,serie
Hyena,serie
Hymn of Death,serie
Hyori's Bed & Breakfast,serie
Hyper HardBoiled Gourmet Report,serie
Hyperdrive,serie
I AM A KILLER,serie
I AM A KILLER: RELEASED,serie
I Am Not Okay With This,serie
I Have a Script,serie
I Hear You,serie
I Think You Should Leave with Tim Robinson,serie
The I-Land,serie
I'm with the Band: Nasty Cherry,serie
iCarly,serie
Ice Fantasy,serie
ID-0,serie
The Idhun Chronicles,serie
If I Hadn't Met You,serie
If I Were an Animal,serie
The Iliza Shlesinger Sketch Show,serie
Immigration Nation,serie
Immortal Classic,serie
Immortals,serie
In the Bosom of a Thorn,serie
The InBESTigators,serie
The Indian Detective,serie
Indian Matchmaking,serie
Ingobernable,serie
Ingress: The Animation,serie
Inheritors,serie
Inhuman Resources,serie
The Inmate,serie
The Innocence Files,serie
Innocent,serie
The Innocent Man,serie
The Innocents,serie
Insatiable,serie
Inside Bill's Brain: Decoding Bill Gates,serie
Inside the Criminal Mind,serie
Inside the Freemasons,serie
Inside the Real Narcos,serie
Inside the World’s Toughest Prisons,serie
Inspector Gadget,serie
Instant Hotel,serie
Interior Design Masters,serie
Intersection,serie
Into the Night,serie
The Investigator: A British Crime Story,serie
Iris,serie
Irmão do Jorel,serie
Iron Ladies,serie
Iron Man: Armored Adventures,serie
The Irregular at Magic High School,serie
Is It Wrong to Try to Pick Up Girls in a Dungeon? Arrow Of the Orion,serie
Is It Wrong to Try to Pick Up Girls in a Dungeon?,serie
It's Bruno!,serie
It's Okay to Not Be Okay,serie
Itaewon Class,serie
Izzy's Koala World,serie
J-Style Trip,serie
Jack Taylor,serie
Jack Whitehall: Travels with My Father,serie
Jailbirds,serie
James Acaster: Repertoire,serie
Jamtara - Sabka Number Ayega,serie
Jane The Virgin,serie
Japan Sinks: 2020,serie
Japanese Style Originator,serie
Jeffrey Epstein: Filthy Rich,serie
Jeopardy!,serie
Jimmy: The True Story of a True Idiot,serie
JingleKids,serie
Jinn,serie
The Joel McHale Show with Joel McHale,serie
Johnny Test,serie
José José. el príncipe de la canción,serie
Journey of an African Colony,serie
JU-ON: Origins,serie
The Judgement,serie
Jugando con el Alma,serie
Julie and the Phantoms,serie
Julie's Greenroom,serie
Julius Jr.,serie
Juman,serie
Jumping Girl,serie
Jurassic World Camp Cretaceous,serie
Justice,serie
Justin Time,serie
Justin Time GO!,serie
K,serie
K-POP Extreme Survival,serie
K.O. One Re-act,serie
K.O.3an Guo,serie
The K2,serie
Kabaneri of the Iron Fortress: The Battle of Unato,serie
Kakegurui,serie
Kakegurui,serie
Kally's Mashup,serie
Kantaro: The Sweet Tooth Salaryman,serie
Kazoops!,serie
The Keepers,serie
Keeping Up with the Kardashians,serie
Ken Burns Presents: College Behind Bars: A Film by Lynn Novick and Produced by Sarah Botstein,serie
KENGAN ASHURA,serie
Kevin Hart: Don’t F**k This Up,serie
Kibaoh Klashers,serie
Kid-E-Cats,serie
Kill la Kill,serie
Killer Inside: The Mind of Aaron Hernandez,serie
Killer Ratings,serie
The Kindness Diaries,serie
The King: Eternal Monarch,serie
The King's Avatar,serie
Kingdom,serie
Kingdom,serie
Kings of Jo'Burg,serie
Kipo and the Age of Wonderbeasts,serie
The Kirlian Frequency,serie
Kiss Me First,serie
Kissing Game,serie
Knightfall,serie
KO One,serie
KO One Return,serie
The Kominsky Method,serie
Kong: King of the Apes,serie
Kongsuni and Friends,serie
A Korean Odyssey,serie
Korean Pork Belly Rhapsody,serie
Kulipari: An Army of Frogs,serie
Kulipari: Dream Walker,serie
Kuroko's Basketball,serie
Kuromukuro,serie
La bella y las bestias,serie
La Esclava Blanca,serie
La Fiscal de Hierro,serie
La Grande Chaumière Violette,serie
La Línea: Shadow of Narco,serie
La Mante,serie
La Niña,serie
La piloto,serie
La Reina del Sur,serie
La Révolution,serie
Ladies Up,serie
Lady Dynamite,serie
Land Girls,serie
Larry Charles' Dangerous World of Comedy,serie
Larva,serie
Larva Island,serie
Las muñecas de la mafia,serie
Last Chance U,serie
The Last Czars,serie
The Last Dance,serie
LAST HOPE,serie
The Last Kids on Earth,serie
The Last Kingdom,serie
The Last Word,serie
Lavender,serie
Learning Songs by Little Baby Bum: Nursery Rhyme Friends,serie
Learning Time with Timmy,serie
The Least Expected Day: Inside the Movistar Team 2019,serie
The Legend of Korra,serie
The Legend of White Snake,serie
Legend Quest,serie
Legend Quest: Masters of Myth,serie
Legion,serie
LEGO Bionicle: The Journey to One,serie
Lego DC Comics: Batman Be-Leaguered,serie
LEGO Elves: Secrets of Elvendale,serie
LEGO Friends: The Power of Friendship,serie
LEGO Jurassic World: Legend of Isla Nublar,serie
LEGO Jurassic World: Secret Exhibit,serie
LEGO Ninjago,serie
LEGO Ninjago: Masters of Spinjitzu,serie
LEGO: CITY Adventures,serie
Leila,serie
Lenox Hill,serie
Let's Eat,serie
Let's Eat 2,serie
The Letdown,serie
The Letter for the King,serie
Levius,serie
The Liar and His Lover,serie
The Liberator,serie
The Lies Within,serie
Life,serie
Life Plan A and B,serie
Lilyhammer,serie
Line of Duty,serie
Little Baby Bum: Nursery Rhyme Friends,serie
A Little Help with Carol Burnett,serie
The Little Lulu Show,serie
Little Singham,serie
A Little Thing Called First Love,serie
Little Things,serie
Little Witch Academia,serie
Littlest Pet Shop: A World of Our Own,serie
Live,serie
Live Up To Your Name,serie
Living Undocumented,serie
Living with Yourself,serie
Llama Llama,serie
Loaded,serie
Locke & Key,serie
Locked Up,serie
Loo Loo Kids: Johny & Friends Musical Adventures,serie
Los Simuladores,serie
Los tiempos de Pablo Escobar,serie
Losers,serie
Lost & Found Music Studios,serie
Lost in Space,serie
LOST SONG,serie
Love,serie
Love & Anarchy,serie
Love 101,serie
Love Alarm,serie
Love and Fortune,serie
Love and Marriage,serie
Love for Ten: Generation of Youth,serie
Love Is Blind,serie
Love O2O,serie
Love on the Spectrum,serie
A Love So Beautiful,serie
Love Storm,serie
Love. Death & Robots,serie
Lovesick,serie
Lucifer,serie
Lugar de Mulher,serie
Luis Miguel - The Series,serie
Luna Nera,serie
Luna Petunia,serie
Luna Petunia: Return to Amazia,serie
Lunatics,serie
Luo Bao Bei,serie
Lupin,serie
Made in Mexico,serie
Magi,serie
Magi: Adventure of Sinbad,serie
Magic for Humans,serie
Magic Phone,serie
The Magic School Bus,serie
The Magic School Bus Rides Again,serie
The Magic School Bus Rides Again In the Zone,serie
The Magic School Bus Rides Again Kids In Space,serie
The Magic School Bus Rides Again The Frizz Connection,serie
Magical Andes,serie
Making a Murderer,serie
Making Unorthodox,serie
Mako Mermaids: An H2O Adventure,serie
Malibu Rescue: The Series,serie
A Man Called God,serie
Man Down,serie
Man Like Mobeen,serie
Man to Man,serie
Manhunt,serie
Maniac,serie
The Many Faces of Ito,serie
Mar de plástico,serie
Maradona in Mexico,serie
Marcella,serie
March Comes in Like a Lion,serie
Marching Orders,serie
Marco Polo,serie
Marco Polo: One Hundred Eyes,serie
María Magdalena,serie
Marianne,serie
Marlon,serie
Married to Medicine,serie
Marry Me. or Not?,serie
Mars,serie
Marseille,serie
Marvel Anime: Wolverine,serie
Marvel Anime: X-Men,serie
Marvel's Daredevil,serie
Marvel's Iron Fist,serie
Marvel's Jessica Jones,serie
Marvel's Luke Cage,serie
Marvel's The Defenders,serie
Marvel's The Punisher,serie
Masaba Masaba,serie
Masameer Classics,serie
Masha and the Bear,serie
Masha's Spooky Stories,serie
Masha's Tales,serie
Master of None,serie
Matchday: Inside FC Barcelona,serie
Max & Ruby,serie
Mazinger Z,serie
MeatEater,serie
The Mechanism,serie
Medal of Honor,serie
Medical Police,serie
Meet the Adebanjos,serie
Megalobox,serie
Memories of the Alhambra,serie
Memory Love,serie
Men on a Mission,serie
Merlí,serie
Merlin,serie
Merry Happy Whatever,serie
The Mess You Leave Behind,serie
Messiah,serie
Meteor Garden,serie
Mia and Me,serie
Middleditch & Schwartz,serie
Midnight Diner,serie
Midnight Diner: Tokyo Stories,serie
The Midnight Gospel,serie
Mighty Express,serie
Mighty Express: A Mighty Christmas,serie
Mighty Little Bheem,serie
Mighty Little Bheem: Diwali,serie
Mighty Little Bheem: Festival of Colors,serie
Mighty Little Bheem: Kite Festival,serie
Mighty Morphin Power Rangers,serie
Millennials,serie
Million Dollar Beach House,serie
Million Pound Menu,serie
Million Yen Women,serie
The Mind. Explained,serie
MINDHUNTER,serie
Minecraft: Story Mode,serie
Miniforce X,serie
The Minions of Midas,serie
The Miracle,serie
Miraculous: Tales of Ladybug & Cat Noir,serie
The Mire,serie
Misaeng,serie
Mismatched,serie
Miss Culinary,serie
Miss Panda & Mr. Hedgehog,serie
The Mist,serie
Mister Maker,serie
Mob Psycho 100,serie
Mobile Suit Gundam UC,serie
Mobile Suit Gundam: Iron-Blooded Orphans,serie
Modern Family,serie
Molang,serie
Monarca,serie
Money Heist,serie
Money Heist: The Phenomenon,serie
MONKART,serie
Monkey Twins,serie
Monster Math Squad,serie
Monthly Girls' Nozaki Kun,serie
Monty Python's Flying Circus,serie
Monzón: A Knockout Blow,serie
Morocco: Love in Times of War,serie
Morphle,serie
Mortel,serie
The Mortified Guide,serie
Mother Goose Club: Español,serie
Motown Magic,serie
Move,serie
The Movies That Made Us,serie
Moving Art,serie
Mr. Iglesias,serie
The Mr. Peabody and Sherman Show,serie
Mr. Sunshine,serie
Murder Mountain,serie
Murderous Affairs,serie
My Big Big Friend,serie
My Country: The New Age,serie
My Dear Warrior,serie
My First First Love,serie
My Holo Love,serie
My Hotter Half,serie
My Husband Won't Fit,serie
My Little Baby,serie
My Little Pony: Friendship Is Magic,serie
My Mister,serie
My Next Guest Needs No Introduction With David Letterman,serie
My Next Guest with David Letterman and Shah Rukh Khan,serie
My Only Love Song,serie
My Runway,serie
My Sassy Girl,serie
My Secret Romance,serie
My Shy Boss,serie
Mystery Lab,serie
Mystic Pop-up Bar,serie
Mythomaniac,serie
Nadiya’s Time to Eat,serie
Nailed It!,serie
Nailed It! France,serie
Nailed It! Germany,serie
Nailed It! Holiday!,serie
Nailed It! Mexico,serie
Nailed It! Spain,serie
The Naked Director,serie
Narcos,serie
Narcos: Mexico,serie
Narcoworld: Dope Stories,serie
Naruto,serie
Naruto Shippuden,serie
Natural Born Monsters,serie
The Neighbor,serie
Neo Yokio,serie
Neon Genesis Evangelion,serie
The Netflix Afterparty,serie
Netflix Presents: The Characters,serie
Never Have I Ever,serie
The New Legends of Monkey,serie
Next in Fashion,serie
Nicky Jam: El Ganador,serie
Night on Earth,serie
Night on Earth: Shot in the Dark,serie
Night Stalker: The Hunt for a Serial Killer,serie
Nightflyers,serie
Nightmare High,serie
Nisman: The Prosecutor. the President. and the Spy,serie
No Game No Life,serie
No Good Nick,serie
No Time for Shame,serie
Nobody's Looking,serie
Norm Macdonald Has a Show,serie
Norsemen,serie
Northern Rescue,serie
November 13: Attack on Paris,serie
Nowhere Man,serie
Nuestra Lucha Libre,serie
Numberblocks,serie
Nurses Who Kill,serie
The OA,serie
Occupied,serie
October Faction,serie
Octonauts & the Caves of Sac Actun,serie
Octonauts & the Great Barrier Reef,serie
Odd Squad,serie
Oddbods,serie
Oddbods: Party Monsters,serie
Oddbods: The Festive Menace,serie
Oggy and the Cockroaches,serie
Oh My Ghost,serie
Oh My Ghost,serie
Oh Yuck,serie
Ojos in d' House,serie
Oktoberfest: Beer & Blood,serie
Omniscient,serie
On Children,serie
On My Block,serie
On the Real,serie
Once Upon a Time,serie
Once Upon A Time In Lingjian Mountain,serie
One Day at a Time,serie
One More Time,serie
ONE PIECE,serie
One Spring Night,serie
One-Punch Man,serie
Operation Ouch!,serie
Oprah Winfrey Presents: When They See Us Now,serie
Orange Is the New Black,serie
The Order,serie
Orphan Black,serie
Oscar's Oasis,serie
Osmosis,serie
Oswaldo,serie
Our Planet,serie
Our Planet - Behind The Scenes,serie
Outer Banks,serie
Outlander,serie
The Outsiders,serie
Over Christmas,serie
Ozark,serie
P. King Duckling,serie
Paava Kadhaigal,serie
Pablo,serie
Pac-Man and the Ghostly Adventures,serie
Pac's Scary Halloween,serie
Pajanimals,serie
Palazuelos mi rey,serie
Pandemic: How to Prevent an Outbreak,serie
The Paper,serie
Paprika,serie
Paquita Salas,serie
Paradise PD,serie
Paranoid,serie
Paranormal,serie
Parasyte: The Maxim,serie
Part-Time Idol,serie
Pat a Pat Como,serie
Patriot Act with Hasan Minhaj,serie
Patton Oswalt: I Love Everything,serie
Paul Hollywood's Big Continental Road Trip,serie
PAW Patrol,serie
Peaky Blinders,serie
Penn & Teller: Fool Us,serie
The People vs. O.J. Simpson,serie
Peppa Pig,serie
A Perfect Crime,serie
The Perfect Match,serie
Perfume,serie
Persona,serie
The Pharmacist,serie
PILI Fantasy: War of Dragons,serie
Pine Gap,serie
Pinky Malinky,serie
PJ Masks,serie
The Platform,serie
The Playbook,serie
Playing with Fire,serie
Please Like Me,serie
Pocoyo,serie
Pocoyo & The Space Circus,serie
Pocoyo Halloween: Space Halloween,serie
Pocoyo Halloween: Spooky Movies,serie
Pokémon The Series: Indigo League,serie
Pokémon the Series: Sun & Moon,serie
The Politician,serie
Polly Pocket,serie
Popples,serie
Pororo - The Little Penguin,serie
Pose,serie
Possessed,serie
Power Rangers Beast Morphers,serie
Power Rangers Ninja Steel,serie
Power Rangers Samurai: Christmas Together. Friends Forever (Christmas Special),serie
Power Rangers Samurai: Party Monsters (Halloween Special),serie
Power Rangers Super Samurai: Stuck on Christmas,serie
Power Rangers Super Samurai: Trickster Treat,serie
Power Rangers: Megaforce: Raising Spirits,serie
Power Rangers: Megaforce: The Robo Knight Before Christmas,serie
Prank Encounters,serie
President,serie
Preso No. 1,serie
Pretend It’s a City,serie
Prince of Peoria,serie
Prince of Peoria: A Christmas Moose Miracle,serie
The Prince of Tennis ~ Match! Tennis Juniors ~,serie
The Princess Weiyoung,serie
Prison Playbook,serie
Private Lives,serie
Project Mc²,serie
The Promised Neverland,serie
The Protector,serie
Psiconautas,serie
Psycho-Pass,serie
Puella Magi Madoka Magica,serie
Puerta 7,serie
Puffin Rock,serie
Pup Academy,serie
Puss in Book: Trapped in an Epic Tale,serie
Put Your Head on My Shoulder,serie
QB1: Beyond the Lights,serie
The Queen and the Conqueror,serie
A Queen Is Born,serie
The Queen of Flow,serie
Queen of No Marriage,serie
Queen of the South,serie
Queen Sono,serie
The Queen's Gambit,serie
Queer Eye,serie
Queer Eye: We're in Japan!,serie
Quicksand,serie
Qurious Como,serie
Rabbids Invasion,serie
Ragnarok,serie
The Rain,serie
Rainbow Ruby,serie
Raising Dion,serie
The Ranch,serie
Rapture,serie
Ratched,serie
Re:Mind,serie
REA(L)OVE,serie
Real Detective,serie
The Real Housewives of Atlanta,serie
The Real Housewives of Beverly Hills,serie
The Real Housewives of New York City,serie
Real Rob,serie
Reality Z,serie
Rebelde Way,serie
Rebellion,serie
Reboot: The Guardian Code,serie
Reckoning,serie
Record of Grancrest War,serie
Record of Youth,serie
Regal Academy,serie
Regiment Diaries,serie
Reply 1988,serie
Reply 1994,serie
Reply 1997,serie
Requiem,serie
Restaurants on the Edge,serie
Resurrection: Ertugrul,serie
Retribution,serie
revisions,serie
Revolutionary Love,serie
Rhyme Time Town,serie
Rhyme Time Town Singalongs,serie
Rhythm + Flow,serie
Rica. famosa. latina,serie
Richie Rich,serie
Rick and Morty,serie
RIDE ON TIME,serie
Rilakkuma and Kaoru,serie
The Ripper,serie
Rise of Empires: Ottoman,serie
The Rise of Phoenixes,serie
Rita,serie
Riverdale,serie
The Road to Love,serie
Robocar Poli,serie
Robot Trains,serie
Robozuna,serie
Roman Empire,serie
Romance Is a Bonus Book,serie
Rookie Historian Goo Hae-Ryung,serie
Room 2806: The Accusation,serie
Rosario Tijeras (Mexico),serie
Rotten,serie
The Royal House of Windsor,serie
Rugal,serie
Running Man,serie
RuPaul's Drag Race,serie
RuPaul's Drag Race Holi-Slay Spectacular,serie
RuPaul's Secret Celebrity Drag Race,serie
RuPaul’s Drag Race: All Stars,serie
RuPaul’s Drag Race: Untucked!,serie
Russian Doll,serie
Rust Valley Restorers,serie
Sacred Games,serie
Safe,serie
Saimdang. Memoir of Colors,serie
Saint Seiya,serie
SAINT SEIYA: Knights of the Zodiac,serie
Saint Seiya: The Hades Chapter,serie
Saint Seiya: The Lost Canvas,serie
Sakho & Mangane,serie
Salt Fat Acid Heat,serie
Salvation,serie
Sam & Cat,serie
Samantha!,serie
Samurai 7,serie
Samurai Gourmet,serie
SanPa: Sins of the Savior,serie
Santa Clarita Diet,serie
Santa Pac's Merry Berry Day,serie
Save Me,serie
Say I Do,serie
SCAMS,serie
Scare Tactics,serie
The School Nurse Files,serie
Schulz Saves America,serie
Scissor Seven,serie
Scream,serie
The Search,serie
Second 20s,serie
Secret City,serie
Secret Jouju,serie
Secret Jouju: Guardians of Star,serie
Secret of the Nile,serie
Secreto bien guardado,serie
Secrets of Great British Castles,serie
See You in Time,serie
Seis Manos,serie
Selection Day,serie
Selena: The Series,serie
Self Made: Inspired by the Life of Madam C.J. Walker,serie
Selling Sunset,serie
Sense8,serie
Serial Killer with Piers Morgan,serie
A Series of Unfortunate Events,serie
Seven and Me,serie
The Seven Deadly Sins,serie
Seven Seconds,serie
Sex Education,serie
Sex. Explained,serie
Sexy Central,serie
Shadow,serie
Shadowhunters: The Mortal Instruments,serie
The Shannara Chronicles,serie
Shaun the Sheep,serie
Shaun the Sheep: Adventures from Mossy Bottom,serie
She,serie
She-Ra and the Princesses of Power,serie
She-Wolves: England’s Early Queens,serie
She's Gotta Have It,serie
Sherlock,serie
Shine On with Reese,serie
Shooter,serie
Shopkins,serie
Shopkins: Wild,serie
Shopkins: World Vacation,serie
Shot in the Dark,serie
Shtisel,serie
Sick Note,serie
Sid the Science Kid,serie
Signal,serie
Signs,serie
Simon,serie
Sin senos sí hay paraíso,serie
Sing On!,serie
Sing On! Germany,serie
Sing On! Spain,serie
Singapore Social,serie
The Sinner,serie
Sintonia,serie
Sirius the Jaeger,serie
Sisters,serie
Skin Decision: Before and After,serie
Skin Wars,serie
Skins,serie
Skylanders Academy,serie
Skylines,serie
Slasher,serie
Sleepless Society: Bedtime Wishes,serie
Sleepless Society: Insomnia,serie
Sleepless Society: Nyctophobia,serie
Sleepless Society: Two Pillows & A Lost Soul,serie
Smoking,serie
The Smurfs,serie
Sneakerheads,serie
Snowpiercer,serie
Social Distance,serie
The Society,serie
Some Assembly Required,serie
Somebody Feed Phil,serie
Someone Has to Die,serie
Something in the Rain,serie
Somewhere Between,serie
Somewhere Only We Know,serie
Song Exploder,serie
Sonic Boom,serie
Sonic X,serie
Sons of the Caliphate,serie
The Sound of Your Heart,serie
The Sound of Your Heart: Reboot,serie
Soundtrack,serie
Southern Survival,serie
Space Force,serie
Space Jungle,serie
Space Racers,serie
Spark,serie
Sparta,serie
Spartacus,serie
Special,serie
The Spectacular Spider-Man,serie
Spectros,serie
Spinning Out,serie
Spirit Riding Free,serie
Spirit Riding Free: Pony Tales,serie
Spirit Riding Free: Ride Along Adventure,serie
Spirit Riding Free: Riding Academy,serie
Spirit Riding Free: Spirit of Christmas,serie
Splash and Bubbles,serie
SpongeBob SquarePants,serie
The Spooky Tale of Captain Underpants Hack-a-ween,serie
Spotless,serie
The Spy,serie
Spy Kids: Mission Critical,serie
Spycraft,serie
The Staircase,serie
Stand Up and Away! with Brian Regan,serie
The Standups,serie
Star Trek,serie
Star Trek: Deep Space Nine,serie
Star Trek: Discovery,serie
Star Trek: Enterprise,serie
Star Trek: The Animated Series,serie
Star Trek: The Next Generation,serie
Star Trek: Voyager,serie
StarBeam,serie
StarBeam: Halloween Hero,serie
Start-Up,serie
Stateless,serie
Stay Here,serie
